[{"name":"theme_info","theme_name":"ShowTime","theme_author":"Mile High Themes","theme_version":"5.0.7","theme_documentation_url":"https:\/\/mht.helpdocs.com\/documentation\/showtime-theme-documentation","theme_support_email":"support@milehighthemes.com"},{"name":"Colors","settings":[{"type":"header","content":"Top bar"},{"type":"color","id":"promo_bar_bg_color","label":"Background","default":"#37bbec"},{"type":"color","id":"promo_bar_text_color","label":"Text","default":"#ffffff"},{"type":"header","content":"Header"},{"type":"color","id":"header_bg_color","label":"Background","default":"#ffffff"},{"type":"color","id":"header_logo_color","label":"Logo text","default":"#282727","info":"If no logo image is specified."},{"type":"color","id":"header_text_color","label":"Regular text","default":"#898989"},{"type":"color","id":"header_top_link_color","label":"Header top links","default":"#898989"},{"type":"color","id":"header_border_color","label":"Border","default":"#ecefef"},{"type":"header","content":"Main menu"},{"type":"color","id":"nav_bg_color","label":"Background","default":"#ffffff"},{"type":"color","id":"nav_bg_color_mobile","label":"Mobile background","default":"#ffffff"},{"type":"color","id":"nav_text_color","label":"Parent links and headings","default":"#282727"},{"type":"color","id":"nav_parent_hover","label":"Parent links and headings hover","default":"#37bbec"},{"type":"header","content":"Body"},{"type":"color","id":"primary_color","label":"Primary content","default":"#37bbec","info":"Used for buttons, most links, icons, and other main colors on the site."},{"type":"color","id":"secondary_color","label":"Secondary content","default":"#fbcf00","info":"Used for secondary buttons and some other elements."},{"type":"color","id":"heading_text_color","label":"Headings","default":"#282727"},{"type":"color","id":"body_text_color","label":"Body text","default":"#898989"},{"type":"color","id":"link_hover_color","label":"Link hover","default":"#2a6496","info":"Used for hover state on most links and buttons."},{"type":"color","id":"button_text_color","label":"Button text","default":"#ffffff"},{"type":"color","id":"regular_price_color","label":"Price","default":"#282827"},{"type":"color","id":"compare_price_color","label":"Compare price","default":"#cccccc"},{"type":"header","content":"Background"},{"type":"color","id":"body_background_color","label":"Background","default":"#f3f6f6"},{"type":"checkbox","id":"show_bg_image","label":"Use background image"},{"type":"image","id":"bg_image.png","label":"Image"},{"type":"select","id":"bg_repeat","label":"Repeat","options":[{"value":"no-repeat","label":"None"},{"value":"repeat-x","label":"Horizontally"},{"value":"repeat-y","label":"Vertically"},{"value":"repeat","label":"Both"}],"default":"repeat"},{"type":"checkbox","id":"bg_fixed","label":"Fixed position"},{"type":"checkbox","id":"bg_stretched","label":"Stretch to fill all space"},{"type":"color","id":"content_heading_color","label":"Content heading text","info":"[What is this?](https:\/\/support.milehighthemes.com\/hc\/en-us\/articles\/217740743-Content-text-vs-regular-text-colors)","default":"#282727"},{"type":"color","id":"content_text_color","label":"Content text","info":"[What is this?](https:\/\/support.milehighthemes.com\/hc\/en-us\/articles\/217740743-Content-text-vs-regular-text-colors)","default":"#898989"},{"type":"color","id":"content_link_color","label":"Content links","info":"[What is this?](https:\/\/support.milehighthemes.com\/hc\/en-us\/articles\/217740743-Content-text-vs-regular-text-colors)","default":"#898989"},{"type":"header","content":"Call to action boxes"},{"type":"color","id":"ctab_bg_color","label":"Background","default":"#ffffff"},{"type":"color","id":"ctab_heading_color","label":"Heading text","default":"#282727"},{"type":"color","id":"ctab_link_color","label":"Links","default":"#37bbec"},{"type":"color","id":"ctab_border_color","label":"Border","default":"#ecefef"},{"type":"header","content":"Footer"},{"type":"color","id":"footer_bg_color","label":"Background","default":"#ffffff"},{"type":"color","id":"footer_heading_color","label":"Heading text","default":"#282727"},{"type":"color","id":"footer_text_color","label":"Regular text","default":"#898989"},{"type":"color","id":"footer_link_color","label":"Links","default":"#37bbec"},{"type":"color","id":"footer_border_color","label":"Border","default":"#ecefef"},{"type":"color","id":"footer_social_color","label":"Social media icons","default":"#d7dbdb"},{"type":"header","content":"Home page slideshow"},{"type":"color","id":"sd_heading_color","label":"Heading text","default":"#282727"},{"type":"color","id":"sd_line_color","label":"Separator","default":"#fbcf00"},{"type":"color","id":"sd_sub_heading_color","label":"Subheading text","default":"#282727"},{"type":"color","id":"sd_text_color","label":"Caption text","default":"#282727"},{"type":"header","content":"Home page video"},{"type":"color","label":"Heading text","id":"home_video_hd_color"},{"type":"color","label":"Description text","id":"home_video_description_color"},{"type":"color","label":"Play icon","id":"home_video_play_icon_color"},{"type":"color","label":"Background","id":"home_video_bg_color"},{"type":"header","content":"Home page CTA"},{"type":"color","label":"Heading text","id":"home_cta_hd_color"},{"type":"color","label":"Content","id":"home_cta_txt_color"},{"type":"color","label":"Background","id":"home_cta_bg_color"}]},{"name":"Typography","settings":[{"type":"select","id":"base_font","label":"Body text","options":[{"value":"Helvetica, Arial, sans-serif","label":"Helvetica\/Arial","group":"Sans-serif"},{"value":"Impact, Charcoal, Helvetica, Arial, sans-serif","label":"Impact","group":"Sans-serif"},{"value":"'Lucida Grande', 'Lucida Sans Unicode', 'Lucida Sans', Lucida, Helvetica, Arial, sans-serif","label":"Lucida Grande","group":"Sans-serif"},{"value":"ProximaNovaLight","label":"Proxima Nova","group":"Sans-serif"},{"value":"Trebuchet MS, sans-serif","label":"Trebuchet MS","group":"Sans-serif"},{"value":"Verdana, Helvetica, Arial, sans-serif","label":"Verdana","group":"Sans-serif"},{"value":"Google+Asap","label":"Asap","group":"Sans-serif | Google Web Fonts"},{"value":"Google+Cabin","label":"Cabin","group":"Sans-serif | Google Web Fonts"},{"value":"Google+Droid+Sans","label":"Droid Sans","group":"Sans-serif | Google Web Fonts"},{"value":"Google+Josefin+Sans","label":"Josefin Sans","group":"Sans-serif | Google Web Fonts"},{"value":"Google+Josefin+Slab","label":"Josefin Slab","group":"Sans-serif | Google Web Fonts"},{"value":"Google+Lato","label":"Lato","group":"Sans-serif | Google Web Fonts"},{"value":"Google+Open+Sans","label":"Open Sans","group":"Sans-serif | Google Web Fonts"},{"value":"Google+Raleway","label":"Raleway","group":"Sans-serif | Google Web Fonts"},{"value":"Google+Source+Sans+Pro","label":"Source Sans Pro","group":"Sans-serif | Google Web Fonts"},{"value":"Garamond, Baskerville, Caslon, serif","label":"Garamond","group":"Serif"},{"value":"Georgia, Utopia, 'Times New Roman', Times, serif","label":"Georgia","group":"Serif"},{"value":"Palatino, 'Palatino Linotype', 'Book Antiqua', serif","label":"Palatino","group":"Serif"},{"value":"'Times New Roman', Times, serif","label":"Times New Roman","group":"Serif"},{"value":"Google+Arvo","label":"Arvo","group":"Serif | Google Web Fonts"},{"value":"Google+Copse","label":"Copse","group":"Serif | Google Web Fonts"},{"value":"Google+Droid+Serif","label":"Droid Serif","group":"Serif | Google Web Fonts"},{"value":"Google+Gentium+Book+Basic","label":"Gentium Book Basic","group":"Serif | Google Web Fonts"},{"value":"Google+Kreon","label":"Kreon","group":"Serif | Google Web Fonts"},{"value":"Google+Merriweather","label":"Merriweather","group":"Serif | Google Web Fonts"},{"value":"Google+Old+Standard+TT","label":"Old Standard TT","group":"Serif | Google Web Fonts"}]},{"type":"range","id":"body_text_size","label":"Body text size","default":14,"min":12,"max":36,"step":1,"unit":"px"},{"type":"select","id":"header_font","label":"Headings","options":[{"value":"Helvetica, Arial, sans-serif","label":"Helvetica\/Arial","group":"Sans-serif"},{"value":"Impact, Charcoal, Helvetica, Arial, sans-serif","label":"Impact","group":"Sans-serif"},{"value":"'Lucida Grande', 'Lucida Sans Unicode', 'Lucida Sans', Lucida, Helvetica, Arial, sans-serif","label":"Lucida Grande","group":"Sans-serif"},{"value":"ProximaNovaLight","label":"Proxima Nova","group":"Sans-serif"},{"value":"Trebuchet MS, sans-serif","label":"Trebuchet MS","group":"Sans-serif"},{"value":"Verdana, Helvetica, Arial, sans-serif","label":"Verdana","group":"Sans-serif"},{"value":"Google+Asap","label":"Asap","group":"Sans-serif | Google Web Fonts"},{"value":"Google+Cabin","label":"Cabin","group":"Sans-serif | Google Web Fonts"},{"value":"Google+Droid+Sans","label":"Droid Sans","group":"Sans-serif | Google Web Fonts"},{"value":"Google+Josefin+Sans","label":"Josefin Sans","group":"Sans-serif | Google Web Fonts"},{"value":"Google+Josefin+Slab","label":"Josefin Slab","group":"Sans-serif | Google Web Fonts"},{"value":"Google+Lato","label":"Lato","group":"Sans-serif | Google Web Fonts"},{"value":"Google+Open+Sans","label":"Open Sans","group":"Sans-serif | Google Web Fonts"},{"value":"Google+Raleway","label":"Raleway","group":"Sans-serif | Google Web Fonts"},{"value":"Google+Source+Sans+Pro","label":"Source Sans Pro","group":"Sans-serif | Google Web Fonts"},{"value":"Garamond, Baskerville, Caslon, serif","label":"Garamond","group":"Serif"},{"value":"Georgia, Utopia, 'Times New Roman', Times, serif","label":"Georgia","group":"Serif"},{"value":"Palatino, 'Palatino Linotype', 'Book Antiqua', serif","label":"Palatino","group":"Serif"},{"value":"'Times New Roman', Times, serif","label":"Times New Roman","group":"Serif"},{"value":"Google+Arvo","label":"Arvo","group":"Serif | Google Web Fonts"},{"value":"Google+Copse","label":"Copse","group":"Serif | Google Web Fonts"},{"value":"Google+Droid+Serif","label":"Droid Serif","group":"Serif | Google Web Fonts"},{"value":"Google+Gentium+Book+Basic","label":"Gentium Book Basic","group":"Serif | Google Web Fonts"},{"value":"Google+Kreon","label":"Kreon","group":"Serif | Google Web Fonts"},{"value":"Google+Merriweather","label":"Merriweather","group":"Serif | Google Web Fonts"},{"value":"Google+Old+Standard+TT","label":"Old Standard TT","group":"Serif | Google Web Fonts"}]},{"type":"header","content":"Header"},{"type":"range","id":"head_promobar","label":"Top bar font size","default":14,"min":12,"max":36,"step":1,"unit":"px"},{"type":"range","id":"head_font_size","label":"Header top font size","default":14,"min":12,"max":18,"step":1,"unit":"px"},{"type":"header","content":"Main menu"},{"type":"select","id":"nav_text_weight","label":"Font weight","options":[{"value":"300","label":"Light"},{"value":"400","label":"Regular"},{"value":"600","label":"Bold"},{"value":"700","label":"Bolder"},{"value":"900","label":"Extra bold"}]},{"type":"select","id":"nav_text_transform","label":"Text style","options":[{"value":"none","label":"Normal"},{"value":"lowercase","label":"Lowercase"},{"value":"uppercase","label":"Uppercase"}]},{"type":"range","id":"nav_text_size","label":"Link size","default":14,"min":12,"max":36,"step":1,"unit":"px"},{"type":"range","id":"nav_header_size","label":"Mega menu heading size","default":14,"min":12,"max":36,"step":1,"unit":"px"},{"type":"range","id":"nav_link_size","label":"Drop down link size","default":14,"min":12,"max":36,"step":1,"unit":"px"},{"type":"header","content":"Home page"},{"type":"range","id":"slider_heading_size","label":"Slideshow heading size","default":36,"min":12,"max":36,"step":1,"unit":"px"},{"type":"range","id":"slider_sub_heading_size","label":"Subheading size","default":24,"min":12,"max":36,"step":1,"unit":"px"},{"type":"range","id":"slider_content_size","label":"Content size","default":18,"min":12,"max":36,"step":1,"unit":"px"},{"type":"range","id":"video_heading_size","label":"Video heading size","default":24,"min":12,"max":36,"step":1,"unit":"px"},{"type":"range","id":"video_description_size","label":"Video description size","default":16,"min":12,"max":36,"step":1,"unit":"px"},{"type":"range","id":"home_cta_heading_size","label":"CTA heading","default":36,"min":12,"max":36,"step":1,"unit":"px"},{"type":"range","id":"home_cta_content_size","label":"CTA text","default":18,"min":12,"max":36,"step":1,"unit":"px"},{"type":"header","content":"Content headings","info":"Affects content created using Shopify's rich text editor (product descriptions, page content, etc.)."},{"type":"range","id":"header_size_1","label":"h1","default":24,"min":12,"max":36,"step":1,"unit":"px"},{"type":"range","id":"header_size_2","label":"h2","default":20,"min":12,"max":36,"step":1,"unit":"px"},{"type":"range","id":"header_size_3","label":"h3","default":18,"min":12,"max":36,"step":1,"unit":"px"}]},{"name":"Favicon","settings":[{"type":"image","id":"favicon.png","label":"Icon","info":"32 x 32px","max-width":32,"max-height":32}]},{"name":"Cart","settings":[{"type":"select","id":"cart_type","label":"Cart type","options":[{"value":"modal","label":"Modal"},{"value":"page","label":"Page"}],"default":"modal","info":"You must choose Page above to enable the sidebar and shipping calculator."},{"type":"checkbox","id":"cart_notes","label":"Enable order notes"},{"type":"checkbox","id":"show_currency_disclaimer","label":"Show currency disclaimer","info":"Only applicable when currency conversion is enabled in General Settings"},{"type":"header","content":"Sidebar options"},{"type":"link_list","id":"cart_link_list","label":"Choose menu"},{"type":"header","content":"Shipping rate calculator"},{"type":"checkbox","id":"show_shipping_calculator","label":"Enable"},{"type":"text","id":"shipping_calculator_default_country","label":"Default country selection","default":"United States","info":"Enter full country name"}]},{"name":"Social media","settings":[{"type":"text","id":"twitter_link","label":"Twitter","info":"https:\/\/twitter.com\/shopify"},{"type":"text","id":"facebook_link","label":"Facebook","info":"https:\/\/facebook.com\/shopify"},{"type":"text","id":"pinterest_link","label":"Pinterest","info":"http:\/\/www.pinterest.com\/shopify\/"},{"type":"text","id":"google_plus_link","label":"Google Plus","info":"https:\/\/plus.google.com\/+shopify"},{"type":"text","id":"instagram_link","label":"Instagram","info":"http:\/\/instagram.com\/shopify"},{"type":"text","id":"tumblr_link","label":"Tumblr","info":"http:\/\/www.tumblr.com\/tagged\/shopify"},{"type":"text","id":"youtube_link","label":"YouTube","info":"https:\/\/www.youtube.com\/user\/shopify"},{"type":"text","id":"vimeo_link","label":"Vimeo","info":"http:\/\/vimeo.com\/shopify"}]},{"name":"Popup","settings":[{"type":"checkbox","id":"show_entry_popup","label":"Enable","default":true},{"type":"range","id":"popup_delay","label":"Delay until popup appears","min":0,"max":30,"step":5,"unit":"sec","default":5},{"type":"select","id":"popup_return","label":"Amount of time before the popup re-appears for the user","options":[{"value":"7","label":"1 week"},{"value":"14","label":"2 weeks"},{"value":"30","label":"1 month"},{"value":"60","label":"2 months"},{"value":"90","label":"3 months"},{"value":"2000","label":"Never"}],"default":"7"},{"type":"text","id":"entry_popup_heading","label":"Heading text"},{"type":"textarea","id":"entry_popup_text","label":"Text"},{"type":"checkbox","id":"entry_popup_newsletter","label":"Enable newsletter in popup","default":true},{"type":"checkbox","id":"entry_popup_social","label":"Enable social icons in popup","default":true}]},{"name":"Currency","settings":[{"type":"paragraph","content":"[Currency setup instructions](https:\/\/support.milehighthemes.com\/hc\/en-us\/articles\/205453605-Setting-up-currency-options)."},{"type":"checkbox","id":"show_multiple_currencies","label":"Enable currency conversion","default":true,"info":"Orders will always be processed in your store's default currency."},{"type":"select","id":"currency_format","label":"Format","options":[{"value":"money_format","label":"Without currency ($10.00)"},{"value":"money_with_currency_format","label":"With currency ($10.00 CAD)"}],"default":"money_with_currency_format"},{"type":"text","id":"supported_currencies","label":"Supported currencies","default":"USD CAD INR GBP AUD EUR JPY","info":"Use the country's ISO [currency code](http:\/\/www.xe.com\/iso4217.php). Separate your currency codes with a space."},{"type":"text","id":"default_currency","label":"Default currency","default":"USD"}]},{"name":"Filter Menu","settings":[{"type":"header","content":"Options"},{"type":"checkbox","id":"pt_show_refine","label":"Show Refine Section","default":true},{"type":"checkbox","id":"pt_show_collection_group","label":"Show Current Collection","default":true},{"type":"checkbox","id":"pt_show_clear","label":"Show Clear buttons","default":true},{"type":"checkbox","id":"pt_show_view_all","label":"Show View All button","default":true},{"type":"checkbox","id":"pt_show_collection_count","label":"Show collection count on All page","default":true},{"type":"checkbox","id":"pt_show_show_single_group","label":"Show groups with only one item","default":true},{"type":"checkbox","id":"pt_single_filter_per_group","label":"Allow only a single selection per group","default":true},{"type":"checkbox","id":"pt_show_tags_group","label":"Show unused\/ungrouped tags as a 'Tags' group","default":false},{"type":"checkbox","id":"pt_show_sort_by_group","label":"Show a 'Sort By' group","default":false},{"type":"checkbox","id":"pt_show_sort_by_checkboxes","label":"Show checkboxes on 'Sort By' group","default":false},{"type":"checkbox","id":"pt_scroll_filter_group","label":"Scroll each group if too large","default":false},{"type":"checkbox","id":"pt_show_inactive_filters","label":"Show inactive filters (greyed out)","default":false},{"type":"header","content":"Text"},{"type":"text","id":"pt_refine_text","label":"Top of menu text","default":"Refine"},{"type":"text","id":"pt_clear_text","label":"Clear filters text","default":"clear"},{"type":"text","id":"pt_view_all_text","label":"View All text","default":"view all"},{"type":"text","id":"pt_tags_text","label":"Tags group text","default":"Tags"},{"type":"text","id":"pt_sort_by_text","label":"Sort group text","default":"Sort By"},{"type":"text","id":"pt_collection_text","label":"Collection group text","default":"Collection"},{"type":"header","content":"Sort By Text"},{"type":"paragraph","content":"Leave empty to hide a sort option"},{"type":"text","id":"pt_sort_manual_text","label":"Manual","default":"Featured"},{"type":"text","id":"pt_sort_price_asc_text","label":"Price Ascending","default":"Price: Low to High"},{"type":"text","id":"pt_sort_price_desc_text","label":"Price Descending","default":"Price: High to Low"},{"type":"text","id":"pt_sort_title_asc_text","label":"A-Z","default":"A-Z"},{"type":"text","id":"pt_sort_title_desc_text","label":"Z-A","default":"Z-A"},{"type":"text","id":"pt_sort_created_asc_text","label":"Newest Last","default":"Newest Last"},{"type":"text","id":"pt_sort_created_desc_text","label":"Newest First","default":"Newest"},{"type":"text","id":"pt_sort_best_selling_text","label":"Best Selling","default":"Best Selling"},{"type":"header","content":"Group Header"},{"type":"color","id":"color_pt_header_text","label":"Text","default":"#222"},{"type":"color","id":"color_pt_header_border","label":"Line Underneath","default":"#DDD"},{"type":"select","id":"pt_header_size","label":"Font Size","options":[{"value":"35px","label":"35px"},{"value":"30px","label":"30px"},{"value":"25px","label":"25px"},{"value":"22px","label":"22px"},{"value":"20px","label":"20px"},{"value":"18px","label":"18px"},{"value":"16px","label":"16px"},{"value":"15px","label":"15px"},{"value":"14px","label":"14px"},{"value":"13px","label":"13px"},{"value":"12px","label":"12px"},{"value":"11px","label":"11px"}],"default":"18px"},{"type":"select","id":"pt_header_font","label":"Base Typeface","options":[{"value":"none","label":"Use theme default"},{"value":"Helvetica, Arial, sans-serif","label":"Helvetica\/Arial","group":"Sans-serif"},{"value":"Impact, Charcoal, Helvetica, Arial, sans-serif","label":"Impact","group":"Sans-serif"},{"value":"'Lucida Grande', 'Lucida Sans Unicode', 'Lucida Sans', Lucida, Helvetica, Arial, sans-serif","label":"Lucida Grande","group":"Sans-serif"},{"value":"Trebuchet MS, sans-serif","label":"Trebuchet MS","group":"Sans-serif"},{"value":"Verdana, Helvetica, Arial, sans-serif","label":"Verdana","group":"Sans-serif"},{"value":"Garamond, Baskerville, Caslon, serif","label":"Garamond","group":"Serif"},{"value":"Georgia, Utopia, 'Times New Roman', Times, serif","label":"Georgia","group":"Serif"},{"value":"Palatino, 'Palatino Linotype', 'Book Antiqua', serif","label":"Palatino","group":"Serif"},{"value":"'Times New Roman', Times, serif","label":"Times New Roman","group":"Serif"},{"value":"'Courier New', Courier, monospace","label":"Courier New","group":"Monospace"},{"value":"Monaco, 'Lucida Console', 'DejaVu Sans Mono', monospace","label":"Monaco\/Lucida Console","group":"Monospace"}],"default":"none"},{"type":"header","content":"Filter Links"},{"type":"color","id":"color_pt_links","label":"Filters","default":"#222"},{"type":"color","id":"color_pt_links_hover","label":"Filter Hover","default":"#333"},{"type":"select","id":"pt_links_size","label":"Font Size","options":[{"value":"16px","label":"16px"},{"value":"15px","label":"15px"},{"value":"14px","label":"14px"},{"value":"13px","label":"13px"},{"value":"12px","label":"12px"},{"value":"11px","label":"11px"}],"default":"12px"},{"type":"select","id":"pt_links_font","label":"Base Typeface","options":[{"value":"none","label":"Use theme default"},{"value":"Helvetica, Arial, sans-serif","label":"Helvetica\/Arial","group":"Sans-serif"},{"value":"Impact, Charcoal, Helvetica, Arial, sans-serif","label":"Impact","group":"Sans-serif"},{"value":"'Lucida Grande', 'Lucida Sans Unicode', 'Lucida Sans', Lucida, Helvetica, Arial, sans-serif","label":"Lucida Grande","group":"Sans-serif"},{"value":"Trebuchet MS, sans-serif","label":"Trebuchet MS","group":"Sans-serif"},{"value":"Verdana, Helvetica, Arial, sans-serif","label":"Verdana","group":"Sans-serif"},{"value":"Garamond, Baskerville, Caslon, serif","label":"Garamond","group":"Serif"},{"value":"Georgia, Utopia, 'Times New Roman', Times, serif","label":"Georgia","group":"Serif"},{"value":"Palatino, 'Palatino Linotype', 'Book Antiqua', serif","label":"Palatino","group":"Serif"},{"value":"'Times New Roman', Times, serif","label":"Times New Roman","group":"Serif"},{"value":"'Courier New', Courier, monospace","label":"Courier New","group":"Monospace"},{"value":"Monaco, 'Lucida Console', 'DejaVu Sans Mono', monospace","label":"Monaco\/Lucida Console","group":"Monospace"}],"default":"none"},{"type":"header","content":"Checkboxes"},{"type":"checkbox","id":"pt_show_checkboxes","label":"Show Checkboxes","default":true},{"type":"header","content":"Clear Button"},{"type":"color","id":"color_pt_clear_bg","label":"Background","default":"#EEE"},{"type":"color","id":"color_pt_clear_text","label":"Text","default":"#222"},{"type":"color","id":"color_pt_clear_bg_hover","label":"Background Hover","default":"#DDD"},{"type":"color","id":"color_pt_clear_text_hover","label":"Text Hover","default":"#222"},{"type":"header","content":"Group Options"},{"type":"text","id":"pt_small_boxes","label":"Group handles to show as small boxes","info":"Separate with commas. This is often the name of group in lower case, however sometimes you may need to use Inspect Element in your browser"},{"type":"color","id":"color_pt_small_box_bg_hover","label":"Background Hover","default":"#222"},{"type":"color","id":"color_pt_small_box_text_hover","label":"Text Hover","default":"#FFF"},{"type":"text","id":"pt_two_columns","label":"Group handles to show as two columns","info":"Separate with commas. "},{"type":"header","content":"Color Swatches"},{"type":"text","id":"pt_color_swatches","label":"Color swatch group handles","info":"Separate with commas. This is often the name of group in lower case, however sometimes you may need to use Inspect Element in your browser"},{"type":"radio","id":"pt_color_swatch_type","label":"Swatch Type","options":[{"value":"swatch","label":"Swatch only"},{"value":"swatch_round","label":"Swatch only (Round)"},{"value":"swatch_text","label":"Swatch plus text"},{"value":"swatch_text_round","label":"Swatch plus text (Round)"}]},{"type":"collection","id":"pt_color_collection_1","label":"Additional Color 1"},{"type":"color","id":"pt_color_1","label":"Additional Color 1","default":"#111"},{"type":"image","id":"pt_image_1.png","label":"Image file (optional)","max-width":30},{"type":"collection","id":"pt_color_collection_2","label":"Additional Color 2"},{"type":"color","id":"pt_color_2","label":"Additional Color 2","default":"#222"},{"type":"image","id":"pt_image_2.png","label":"Image file (optional)","max-width":30},{"type":"collection","id":"pt_color_collection_3","label":"Additional Color 3"},{"type":"color","id":"pt_color_3","label":"Additional Color 3","default":"#333"},{"type":"image","id":"pt_image_3.png","label":"Image file (optional)","max-width":30},{"type":"collection","id":"pt_color_collection_4","label":"Additional Color 4"},{"type":"color","id":"pt_color_4","label":"Additional Color 4","default":"#444"},{"type":"image","id":"pt_image_4.png","label":"Image file (optional)","max-width":30},{"type":"collection","id":"pt_color_collection_5","label":"Additional Color 5"},{"type":"color","id":"pt_color_5","label":"Additional Color 5","default":"#555"},{"type":"image","id":"pt_image_5.png","label":"Image file (optional)","max-width":30},{"type":"collection","id":"pt_color_collection_6","label":"Additional Color 6"},{"type":"color","id":"pt_color_6","label":"Additional Color 6","default":"#666"},{"type":"image","id":"pt_image_6.png","label":"Image file (optional)","max-width":30},{"type":"collection","id":"pt_color_collection_7","label":"Additional Color 7"},{"type":"color","id":"pt_color_7","label":"Additional Color 7","default":"#777"},{"type":"image","id":"pt_image_7.png","label":"Image file (optional)","max-width":30},{"type":"collection","id":"pt_color_collection_8","label":"Additional Color 8"},{"type":"color","id":"pt_color_8","label":"Additional Color 8","default":"#888"},{"type":"image","id":"pt_image_8.png","label":"Image file (optional)","max-width":30},{"type":"collection","id":"pt_color_collection_9","label":"Additional Color 9"},{"type":"color","id":"pt_color_9","label":"Additional Color 9","default":"#999"},{"type":"image","id":"pt_image_9.png","label":"Image file (optional)","max-width":30},{"type":"collection","id":"pt_color_collection_10","label":"Additional Color 10"},{"type":"color","id":"pt_color_10","label":"Additional Color 10","default":"#AAA"},{"type":"image","id":"pt_image_10.png","label":"Image file (optional)","max-width":30},{"type":"collection","id":"pt_color_collection_11","label":"Additional Color 11"},{"type":"color","id":"pt_color_11","label":"Additional Color 11","default":"#BBB"},{"type":"image","id":"pt_image_11.png","label":"Image file (optional)","max-width":30},{"type":"collection","id":"pt_color_collection_12","label":"Additional Color 12"},{"type":"color","id":"pt_color_12","label":"Additional Color 12","default":"#CCC"},{"type":"image","id":"pt_image_12.png","label":"Image file (optional)","max-width":30}]}]